Sum(Count(}비)),}비紈,Count(}비),percent
3835,┳}비,769,20.05215124
3835,킠}비,3066,79.94784876